pruning_ratio,nonzero_w1,mac_effective,accuracy,precision,recall,specificity,balanced_accuracy,f1,roc_auc,tn,fp,fn,tp
0.0,256,272,1.0,1.0,1.0,1.0,1.0,1.0,1.0,36,0,0,144
0.25,192,208,1.0,1.0,1.0,1.0,1.0,1.0,1.0,36,0,0,144
0.5,128,144,1.0,1.0,1.0,1.0,1.0,1.0,1.0,36,0,0,144
0.6,102,118,1.0,1.0,1.0,1.0,1.0,1.0,1.0,36,0,0,144
0.7,77,93,1.0,1.0,1.0,1.0,1.0,1.0,1.0,36,0,0,144
0.75,64,80,0.9944444444444445,1.0,0.9930555555555556,1.0,0.9965277777777778,0.9965156794425087,1.0,36,0,1,143
0.8,51,67,0.8333333333333334,1.0,0.7916666666666666,1.0,0.8958333333333333,0.8837209302325582,1.0,36,0,30,114
0.85,38,54,0.8666666666666667,1.0,0.8333333333333334,1.0,0.9166666666666667,0.9090909090909091,1.0,36,0,24,120
0.9,26,42,0.9277777777777778,1.0,0.9097222222222222,1.0,0.9548611111111112,0.9527272727272726,0.9932484567901235,36,0,13,131
